date,target,company,prediction
2017-04-17,-0.0010989010989010755,HPQ,1.0
2017-04-17,-0.010458911419423737,TXT,1.0
2017-04-17,0.010262789612812994,ABBV,1.0
2017-04-17,-0.00488428887079895,ADSK,1.0
2017-04-17,-0.001984500936817441,AMZN,0.0
2017-04-17,0.0,FLR,0.0
2017-04-17,-0.005984490896830696,INTU,0.0
2017-04-17,0.026417657045840315,NFLX,0.0
2017-04-17,0.00043383947939269247,JWN,0.0
2017-04-17,0.005035246727089521,COH,0.0
2017-04-17,0.0004950495049504892,BLK,0.0
2017-04-17,-0.00448194041655686,PPL,0.0
2017-04-17,0.004794317845516439,WHR,0.0
2017-04-17,-0.008399918049579933,VZ,0.0
2017-04-17,0.009486166007905215,CTL,0.0
2017-04-17,-0.00253388332351212,COST,0.0
2017-04-17,0.006535582616467523,BA,0.0
2017-04-17,0.001623669493054236,AEE,0.0
2017-04-17,0.0013484572063138535,INCY,0.0
2017-04-17,0.0095964566929134,TRV,1.0
2017-04-17,0.04267344920163906,UAL,0.0
2017-04-17,0.012195121951219356,EBAY,0.0
2017-04-17,-0.014428918590522519,VTR,0.0
2017-04-17,-0.002755769893213858,PAYX,0.0
2017-04-17,-0.004044652968775279,O,0.0
2017-04-17,-0.008032694475761097,INTC,0.0
2017-04-17,-0.0047881254488866595,TRIP,1.0
2017-04-17,0.0007354486236605106,MMM,1.0
2017-04-17,-0.009519387044346331,KO,0.0
2017-04-17,0.0012231667787902187,SNA,0.0
2017-04-17,0.009264208088366348,KMX,0.0
2017-04-17,0.0008907694020710197,V,0.0
2017-04-17,-0.007083716651333909,HSY,0.0
2017-04-17,0.0017497812773402952,AES,0.0
2017-04-17,0.002414513181936861,RTN,0.0
2017-04-17,0.01169590643274855,MOS,1.0
2017-04-17,0.002151648162492469,MON,0.0
2017-04-17,0.00819840131174418,COL,0.0
2017-04-17,0.00149031296572277,TGT,0.0
2017-04-17,0.0011376564277587769,MCO,1.0
2017-04-17,-0.0018973947310807191,EFX,1.0
2017-04-17,0.003816793893129751,M,0.0
2017-04-17,-0.0051930458342741926,ORCL,0.0
2017-04-17,-0.002287166454891961,PX,0.0
2017-04-17,0.0,SPLS,0.0
2017-04-17,0.01390293225480294,PGR,1.0
2017-04-17,-0.007232584697373559,MCD,1.0
2017-04-17,-0.004259997251614708,TEL,1.0
2017-04-17,0.013680154142581905,MET,0.0
2017-04-17,0.005305039787798492,AMGN,1.0
2017-04-17,-0.0046487603305785654,SBUX,0.0
2017-04-17,0.004159576479485704,QCOM,0.0
2017-04-17,0.01270378996400581,CSX,0.0
2017-04-17,0.0015395141977421042,CCL,0.0
2017-04-17,0.00027662517289067797,BLL,0.0
2017-04-17,0.00966265468723513,C,0.0
2017-04-17,0.004102096627164989,PDCO,0.0
2017-04-17,0.0004581201801939549,SYK,1.0
2017-04-17,-0.003587254695083387,YHOO,0.0
2017-04-17,-0.009265661734199996,K,1.0
2017-04-17,0.002311522048364199,NKE,0.0
2017-04-17,0.0014609203798393044,HAS,0.0
2017-04-17,-0.003816793893129725,SO,1.0
2017-04-17,0.0,MAT,0.0
2017-04-17,0.000877053101578691,ECL,1.0
2017-04-17,-0.01048387096774195,CMCSA,0.0
2017-04-17,0.004441937530846957,AAPL,0.0
2017-04-17,-0.006327573618885325,JCI,0.0
2017-04-17,-0.00795228628230623,WMB,0.0
2017-04-17,-0.004958677685950366,SYMC,0.0
2017-04-17,0.00023201856148487266,PYPL,0.0
2017-04-17,0.01312925170068032,CMI,0.0
2017-04-17,-0.003005259203606247,DOV,0.0
2017-04-17,0.0065988618476813385,CHTR,0.0
2017-04-17,-0.018011312890741198,CBS,0.0
2017-04-17,-0.0001852881230312768,AME,1.0
2017-04-17,0.0032527223872152425,FB,1.0
2017-04-17,0.0015079165619502962,NTAP,0.0
2017-04-17,-0.0028632784538295732,DISCK,0.0
2017-04-17,0.0013313215585338215,MA,1.0
2017-04-17,0.04191919191919195,HOG,1.0
2017-04-17,0.0020560267283474248,KSS,1.0
2017-04-17,-0.008037508372404622,NAVI,0.0
2017-04-17,-0.0013732072017087875,COO,0.0
2017-04-17,0.0034144003833712303,ANTM,0.0
2017-04-17,0.005999999999999991,KR,0.0
2017-04-17,0.0152284263959391,FTR,0.0
2017-04-17,0.0013744654856445234,MSFT,0.0
2017-04-17,-0.002201950298836121,CA,1.0
2017-04-17,-0.002196461256863851,LOW,0.0
2017-04-17,0.0333458224053953,ARNC,0.0
2017-04-17,0.00461523970989917,CVX,0.0
2017-04-17,0.00041807518186259547,GOOG,1.0
2017-04-17,-0.0026556192904185253,CAT,0.0
2017-04-18,-0.002083333333333289,SPLS,1.0
2017-04-18,-0.00022289089490689867,V,0.0
2017-04-18,0.0050320534914178655,CMI,0.0
2017-04-18,-0.0092934165720772,FB,0.0
2017-04-18,-0.006951340615690143,SYK,0.0
2017-04-18,0.009746795211357151,CAT,0.0
2017-04-18,-0.005410447761194014,TGT,0.0
2017-04-18,0.005352500382321369,MSFT,0.0
2017-04-18,0.011774600504625784,YHOO,1.0
2017-04-18,0.006245890861275518,WMB,0.0
2017-04-18,0.0015525271692253975,MON,1.0
2017-04-18,0.007673335160317926,HSY,1.0
2017-04-18,-0.0065891472868216325,ARNC,1.0
2017-04-18,0.007412398921833005,ORCL,1.0
2017-04-18,0.00697297970364839,ALL,0.0
2017-04-18,0.0035888233786208813,PGR,0.0
2017-04-18,-0.0016610501661050005,GOOG,0.0
2017-04-18,0.006796690307328722,PFE,0.0
2017-04-18,-0.006433626420759107,CSX,0.0
2017-04-18,0.0017046146353342333,LOW,0.0
2017-04-18,-0.0027459954233409025,PDCO,0.0
2017-04-18,0.016417365924844926,OKE,0.0
2017-04-18,-0.02273062730627316,UAL,1.0
2017-04-18,0.01139601139601128,XRX,1.0
2017-04-18,0.04123711340206178,FTR,0.0
2017-04-18,-0.0006618133686301163,ALB,1.0
2017-04-18,0.002898550724637634,TRV,0.0
2017-04-18,-0.003092493674444821,BA,1.0
2017-04-18,-0.006805830666869844,COO,1.0
2017-04-18,0.000590014012832897,CLX,0.0
2017-04-18,-0.003986710963455064,NAVI,0.0
2017-04-18,-0.00917797286512372,CTL,0.0
2017-04-18,0.0011391684070628874,QCOM,1.0
2017-04-18,0.0011156563778356688,GLW,0.0
2017-04-18,0.0027834008097167642,COH,1.0
2017-04-18,0.005688744412840332,VZ,0.0
2017-04-18,0.016970360522405543,BLK,0.0
2017-04-18,0.0015961691939346176,CMCSA,0.0
2017-04-18,-0.009765625000000062,JWN,0.0
2017-04-18,0.0050676049481067605,AMZN,1.0
2017-04-18,0.00515055467511882,MAT,0.0
2017-04-18,-0.002631963737388399,CBS,1.0
2017-04-18,0.0020502575964671766,MMM,1.0
2017-04-18,-0.0014295925661187106,TRIP,0.0
2017-04-18,0.010486891385767656,DOV,0.0
2017-04-18,0.0016928657799274555,JCI,1.0
2017-04-18,-0.002816728920458073,SNA,0.0
2017-04-18,-0.012491077801570358,DISCK,1.0
2017-04-18,-0.009013649240278173,KSS,1.0
2017-04-18,-0.004989793603991809,VIAB,0.0
2017-04-18,0.00041145006759532815,COST,0.0
2017-04-18,-0.0013683634373290712,TEL,0.0
2017-04-18,-0.011894849530153444,WHR,0.0
2017-04-18,-0.01323580633925458,M,0.0
2017-04-18,0.013720666161998513,CVX,0.0
2017-04-18,-0.0039529914529915005,AIZ,0.0
2017-04-18,-0.01654579803766228,CHTR,0.0
2017-04-18,-0.002569916855630952,MCD,0.0
2017-04-18,-0.0036790066681995077,EXPE,1.0
2017-04-18,0.013177356460938604,CL,0.0
2017-04-18,-0.004054242974975425,INTC,0.0
2017-04-18,-0.0053109474044886465,CCL,1.0
2017-04-18,0.0036827195467420814,AAPL,1.0
2017-04-18,-0.0025244935986054426,ANTM,0.0
2017-04-18,-0.011825192802056515,SBUX,0.0
2017-04-18,-0.0003289473684211041,SYMC,0.0
2017-04-18,0.004455533772945999,NKE,0.0
2017-04-18,-0.004359490274983199,KR,0.0
2017-04-18,-0.0071942446043164925,BLL,0.0
2017-04-18,0.003183912861332178,INTU,0.0
2017-04-18,0.0018810743024348692,HAS,0.0
2017-04-18,-0.01759055664853617,ADSK,0.0
2017-04-18,0.002044081052257285,MA,0.0
2017-04-18,0.0251116071428573,NFLX,0.0
2017-04-18,0.005749770009199633,KO,1.0
2017-04-18,0.0068929639745090535,ETR,0.0
2017-04-18,0.0086614173228346,PPL,1.0
2017-04-18,0.0012890750886239994,O,0.0
2017-04-18,-0.004394224733207802,CA,0.0
2017-04-18,0.007766272189349143,MOS,0.0
2017-04-18,-6.54150585464179e-05,RTN,0.0
2017-04-18,0.008785802143735724,HOG,0.0
2017-04-18,-0.028052508541629245,KMX,0.0
2017-04-18,0.004402641584950948,SO,0.0
2017-04-18,0.0048500881834217,EBAY,0.0
2017-04-18,-0.004873520538407838,PYPL,0.0
2017-04-18,-0.002102680918170623,MCO,0.0
2017-04-18,-0.008781558726673994,HPQ,0.0
2017-04-18,-0.01301921884686924,COL,0.0
2017-04-18,-0.0066603684459141475,HUM,0.0
2017-04-19,-0.011451344397921658,COO,1.0
2017-04-19,-0.006236208385301654,CVX,0.0
2017-04-19,0.012624584717608058,TRV,1.0
2017-04-19,-0.005302425977194854,HUM,0.0
2017-04-19,-0.04032669729453799,KSS,0.0
2017-04-19,-0.032258064516128934,FTR,0.0
2017-04-19,-0.010269283432222795,PDCO,0.0
2017-04-19,-0.00751879699248129,INTC,1.0
2017-04-19,-0.007360369461682652,UAL,0.0
2017-04-19,-0.0121315313397893,AIZ,0.0
2017-04-19,-0.004103983488624498,GOOG,0.0
2017-04-19,-0.004322766570605095,XRX,1.0
2017-04-19,-0.04737938215897265,NUE,0.0
2017-04-19,-0.007006268766791255,MMM,0.0
2017-04-19,-0.0014520813165537821,O,1.0
2017-04-19,-0.007674321002458188,ANTM,0.0
2017-04-19,-0.015855592145383724,LOW,0.0
2017-04-19,-0.02851145705789742,KMX,0.0
2017-04-19,-0.05956320317670431,NAVI,0.0
2017-04-19,-0.012470555632534177,CMI,0.0
2017-04-19,-0.009006928406466526,PYPL,0.0
2017-04-19,-0.0009923916639100608,WMB,0.0
2017-04-19,-0.014255319148936206,YHOO,0.0
2017-04-19,-0.0004020100502513191,SO,0.0
2017-04-19,-0.020482678778163656,MA,0.0
2017-04-19,-0.004375000000000018,CA,0.0
2017-04-19,-0.012731357654862498,CAT,0.0
2017-04-19,-0.0010636411983691238,HOG,0.0
2017-04-19,-0.009304279968785538,LLL,0.0
2017-04-19,0.011562323745064966,EXC,0.0
2017-04-19,0.00026403802147510237,PEP,0.0
2017-04-19,-0.00045136538027524317,VIAB,0.0
2017-04-19,-0.0070725707257071595,MSFT,0.0
2017-04-19,-0.009307520476545048,GLW,1.0
2017-04-19,-0.01251487305933441,AZO,1.0
2017-04-19,-0.04005906143673352,SHW,0.0
2017-04-19,-0.0052350539210553855,HAS,0.0
2017-04-19,-0.005481762597512081,HAL,1.0
2017-04-19,-0.012336975678533587,DISCK,0.0
2017-04-19,-0.009667024704618674,NKE,1.0
2017-04-19,-0.012523314681588031,CMCSA,0.0
2017-04-19,-0.0076169749727965485,HPQ,0.0
2017-04-19,-0.010754199761017791,FB,0.0
2017-04-19,-0.012510662496445769,AAPL,0.0
2017-04-19,-0.0029595527786912155,SYMC,1.0
2017-04-19,-0.0014583637159108725,CBS,1.0
2017-04-19,-0.00748377243222618,EXPE,0.0
2017-04-19,-0.005677517032550954,DOV,1.0
2017-04-19,-0.01090116279069757,JCI,0.0
2017-04-19,-0.005935073888672286,CHTR,0.0
2017-04-19,-0.014088050314465462,NTAP,0.0
2017-04-19,-0.003982477100756728,MAT,0.0
2017-04-19,0.03913749815389148,EBAY,0.0
2017-04-19,-0.0010331340860454195,CLX,1.0
2017-04-19,-0.005200945626477514,ABBV,0.0
2017-04-19,-0.016178919819176768,TRIP,0.0
2017-04-19,0.003238491788109957,KO,1.0
2017-04-19,-0.0038678964593871633,PFE,0.0
2017-04-19,-0.02143893647895901,AVGO,0.0
2017-04-19,-0.011778971072232804,C,0.0
2017-04-19,-0.006456043956043941,BLL,0.0
2017-04-19,-0.005044843049327386,BA,0.0
2017-04-19,-0.05715332478475903,SNA,0.0
2017-04-19,-0.009032038173142487,CCL,0.0
2017-04-19,-0.017615176151761502,SBUX,0.0
2017-04-19,-0.0009503896597604476,QCOM,0.0
2017-04-19,-0.05604091199659072,CSX,0.0
2017-04-19,-0.012118842845973506,MET,0.0
2017-04-19,-0.004749698431845778,MCD,0.0
2017-04-19,-0.01247401247401258,SPLS,1.0
2017-04-19,-0.012845039628313714,TEL,0.0
2017-04-19,-0.00289632636894746,EQIX,0.0
2017-04-19,-0.03162598831213481,M,0.0
2017-04-19,-0.007694048427246061,ORCL,0.0
2017-04-19,-0.013917238819818148,TGT,0.0
2017-04-19,-0.015809873521011802,COL,0.0
2017-04-19,0.0003455425017277665,MON,0.0
2017-04-19,-0.0015649452269170738,HSY,1.0
2017-04-19,-0.007326007326007356,RTN,0.0
2017-04-19,-0.010063361908311709,MOS,1.0
2017-04-19,-0.004397537379067785,AES,0.0
2017-04-19,-0.015598885793871932,V,0.0
2017-04-19,-0.007130936125018948,SYK,0.0
2017-04-19,0.005883836261242354,INTU,0.0
2017-04-19,-0.0031806049822062947,AMZN,0.0
2017-04-19,-0.01389246205299715,PGR,1.0
2017-04-19,0.010829587249693526,VZ,1.0
2017-04-19,-0.005458887751620491,ADSK,0.0
2017-04-19,-0.0005292249794190486,COST,0.0
2017-04-19,-0.0007942811755359818,PPL,0.0
2017-04-19,-0.008816268954978253,WHR,0.0
2017-04-19,-0.00938848008119778,COH,1.0
2017-04-19,-0.011906656059400562,BLK,1.0
2017-04-19,-0.003923278116826498,L,0.0
2017-04-19,-0.007908264136022115,CTL,1.0
2017-04-19,-0.02879862454330532,JWN,0.0
2017-04-19,-0.010160274756725929,NFLX,0.0
2017-04-20,-0.002562225475841885,TGT,0.0
2017-04-20,0.0020219526285384253,ETFC,0.0
2017-04-20,0.0039687970439303685,CMI,0.0
2017-04-20,0.017660779740086674,M,0.0
2017-04-20,0.003913265193002653,AMZN,0.0
2017-04-20,-0.003439153439153507,PPL,0.0
2017-04-20,0.0022456770716371304,ORCL,0.0
2017-04-20,0.0071736011477761576,XRX,1.0
2017-04-20,0.0014085746984769485,PEP,1.0
2017-04-20,-0.00274662394140546,PYPL,0.0
2017-04-20,-0.004219409282700296,SO,0.0
2017-04-20,0.0019011406844106366,MON,0.0
2017-04-20,-0.0017900129621629558,SHW,1.0
2017-04-20,0.0026605675877521546,HUM,1.0
2017-04-20,0.008333333333333245,KMX,1.0
2017-04-20,0.0,V,1.0
2017-04-20,-0.013740458015267262,MSFT,1.0
2017-04-20,0.006669282071400477,CTL,0.0
2017-04-20,-0.0036438436673523634,COST,0.0
2017-04-20,0.023961991324106518,VZ,0.0
2017-04-20,-0.00025974025974020813,RTN,0.0
2017-04-20,0.01075929910851526,EBAY,0.0
2017-04-20,0.011687621746059794,HOG,0.0
2017-04-20,0.002426857219900321,AFL,1.0
2017-04-20,-0.051310372527362175,COL,0.0
2017-04-20,0.004212945231711966,ARNC,0.0
2017-04-20,0.003146633102580209,YHOO,1.0
2017-04-20,-0.0018506056527590755,TRV,0.0
2017-04-20,0.004379562043795638,COP,0.0
2017-04-20,0.0007612281146915513,PGR,0.0
2017-04-20,-0.007428708363287856,JCI,0.0
2017-04-20,0.00975177304964534,NKE,0.0
2017-04-20,0.002520507767746718,AVGO,0.0
2017-04-20,0.0014048232264107301,TRIP,0.0
2017-04-20,0.00046414481318178514,KO,1.0
2017-04-20,-0.011970534069981569,NFLX,0.0
2017-04-20,-0.001829739202756582,GOOG,0.0
2017-04-20,0.002437325905292489,DISCK,0.0
2017-04-20,-0.0006271558482282714,ABBV,1.0
2017-04-20,-0.010416666666666676,FTR,1.0
2017-04-20,-0.0019228594050446973,ADSK,1.0
2017-04-20,0.004942106749505709,APH,0.0
2017-04-20,-0.001782531194295827,FLR,0.0
2017-04-20,0.016928361138370897,KSS,0.0
2017-04-20,-0.008078088185795975,KR,1.0
2017-04-20,-9.534706331049882e-05,CVX,0.0
2017-04-20,-0.0010504989870187317,MCD,1.0
2017-04-20,-0.012014093455784743,SNA,0.0
2017-04-20,0.0043107980233413595,AIZ,0.0
2017-04-20,-0.0038695411829740346,INTC,0.0
2017-04-20,0.002792564796230102,MA,0.0
2017-04-20,0.0098493626882966,MET,0.0
2017-04-20,0.026649191786806442,CBS,1.0
2017-04-20,-0.008821571238348888,SBUX,1.0
2017-04-20,0.0003465603881476889,XLNX,0.0
2017-04-20,0.0052224775433465645,JWN,0.0
2017-04-20,0.0169414953693246,PDCO,0.0
2017-04-20,0.02034234681220541,NTAP,1.0
2017-04-20,0.003038359285985503,QCOM,1.0
2017-04-20,0.009250766529521144,BLK,0.0
2017-04-20,-0.005595741776989366,BLL,1.0
2017-04-20,-0.003482737734706084,SCG,0.0
2017-04-20,-0.004210526315789384,CMCSA,1.0
2017-04-20,0.0018419598452753992,ZTS,0.0
2017-04-20,0.0011934849761302128,AAPL,1.0
2017-04-20,0.006533914125700088,CA,0.0
2017-04-20,0.001998947922146215,TAP,1.0
2017-04-20,0.008261731658955716,WMB,1.0
2017-04-20,0.002963841138115039,PFE,0.0
2017-04-20,-0.0163363101720758,TXT,0.0
2017-04-20,-0.00020831163420472889,HAS,0.0
2017-04-20,0.0008344923504868188,FB,0.0
2017-04-20,0.01286764705882345,HSY,0.0
2017-04-20,0.0016064734931872542,ANTM,0.0
2017-04-20,0.003093396787626305,CRM,0.0
2017-04-20,0.004892736168611223,DOV,0.0
2017-04-20,0.01435637591989381,DHR,1.0
2017-04-20,0.002388189318280491,L,0.0
2017-04-20,0.005155469631061709,O,0.0
2017-04-20,-0.006557377049180304,SYMC,0.0
2017-04-20,0.1356604522015074,MAT,1.0
2017-04-20,0.013210316628223851,HAL,1.0
2017-04-20,0.012419006479481664,HPQ,0.0
2017-04-20,0.003319808188860194,GLW,1.0
2017-04-20,0.015867158671586706,MOS,0.0
2017-04-20,0.006783042394015029,COO,0.0
2017-04-20,-0.006023424428332314,BA,1.0
2017-04-20,0.0007573992076438794,WHR,0.0
2017-04-20,-0.0021611237843677826,LOW,0.0
2017-04-20,0.0068807339449541965,TEL,0.0
2017-04-20,-0.0007609706603534575,INTU,0.0
2017-04-20,-0.0017786147729650734,MMM,0.0
2017-04-20,0.003438395415472706,UAL,0.0
2017-04-20,0.016842634489693354,COH,0.0
2017-04-20,-0.00861169879913002,CHTR,0.0
2017-04-20,0.004222259753420029,CCL,1.0
2017-04-20,0.0020533880903490323,SPLS,0.0
2017-04-20,-0.00014565581530850069,EFX,0.0
2017-04-20,-0.024414850686037142,CSX,0.0
2017-04-20,0.011813045711350756,C,0.0
2017-04-20,0.005240174672489104,ALL,0.0
2017-04-20,0.0035918022395943733,CAT,1.0
2017-04-21,0.004232804232804293,VZ,0.0
2017-04-21,-0.00042121027753078767,HUM,1.0
2017-04-21,0.020618556701030948,FTR,0.0
2017-04-21,-0.01366867140513942,HPQ,0.0
2017-04-21,-0.0068767908309455466,COL,0.0
2017-04-21,-0.008920124341127326,AFL,0.0
2017-04-21,0.001267427122940404,NAVI,1.0
2017-04-21,0.012605869608036252,CSX,0.0
2017-04-21,0.004039776258545761,EBAY,0.0
2017-04-21,-0.010499885870805772,PYPL,0.0
2017-04-21,-0.012051822838204308,COO,1.0
2017-04-21,-0.022721261175474725,BLK,0.0
2017-04-21,-0.004858092559447654,COH,1.0
2017-04-21,-0.028010725084146253,ILMN,0.0
2017-04-21,0.006587335316617132,HAL,0.0
2017-04-21,-0.01646090534979425,SPLS,0.0
2017-04-21,-0.011839207048458141,INTC,0.0
2017-04-21,0.02704453441295549,O,0.0
2017-04-21,0.008719596145020547,MAT,0.0
2017-04-21,-0.003401360544217721,SO,0.0
2017-04-21,-0.009302325581395238,DHR,0.0
2017-04-21,-0.015748031496062926,MOS,0.0
2017-04-21,-0.012918722409763758,RTN,0.0
2017-04-21,-0.017018072289156555,MSFT,0.0
2017-04-21,0.00983717774762548,M,1.0
2017-04-21,-0.011194029850746209,CCL,0.0
2017-04-21,-0.009636264929424451,BLL,0.0
2017-04-21,-0.0016921718658035475,MCK,1.0
2017-04-21,-0.020231213872832325,XRX,0.0
2017-04-21,-0.00487578360807989,KO,0.0
2017-04-21,-0.0207015526164462,UAL,0.0
2017-04-21,-0.0123425692695214,TRV,0.0
2017-04-21,-0.014255874673629187,MMM,1.0
2017-04-21,-0.008249463784853984,SBUX,1.0
2017-04-21,-0.017611198916233937,ADSK,0.0
2017-04-21,-0.005284926470588164,PDCO,0.0
2017-04-21,-0.009135093986063138,COST,0.0
2017-04-21,-0.003379520108144692,INTU,1.0
2017-04-21,-0.01879110554337618,CA,1.0
2017-04-21,-0.009138147285432682,HOG,0.0
2017-04-21,-0.021736177149843692,TEL,0.0
2017-04-21,-0.008379888268156381,PGR,0.0
2017-04-21,-0.006146465782175197,MCD,0.0
2017-04-21,-0.00838624655564877,LOW,0.0
2017-04-21,-0.023209478290776617,GOOG,1.0
2017-04-21,-0.009313671138707213,BA,1.0
2017-04-21,-0.001845504877405755,PPL,0.0
2017-04-21,-0.01918255495306408,WHR,0.0
2017-04-21,-0.005904761904761947,QCOM,1.0
2017-04-21,-0.006719395254427157,NFLX,0.0
2017-04-21,-0.0113585075974123,SYK,0.0
2017-04-21,-0.008726003490401396,DISCK,0.0
2017-04-21,-0.009227999099707488,ORCL,0.0
2017-04-21,0.006803939122650001,NKE,0.0
2017-04-21,-0.00028537183950678015,SNA,0.0
2017-04-21,-0.020694576593720208,JCI,0.0
2017-04-21,-0.012458240534521102,FB,1.0
2017-04-21,-0.01845342706502628,AES,0.0
2017-04-21,0.003930817610062857,CMCSA,1.0
2017-04-21,-0.0590440487347704,HAS,0.0
2017-04-21,-0.009642637091805285,SHW,0.0
2017-04-21,-0.004502164502164468,MON,0.0
2017-04-21,-0.009629577563786995,AAPL,1.0
2017-04-21,-0.016447670679040762,AVGO,0.0
2017-04-21,-0.008794788273615621,SYMC,0.0
2017-04-21,-0.013162018176120279,ABBV,0.0
2017-04-21,-0.0038461538461539006,ARNC,0.0
2017-04-21,-0.013257575757575659,YHOO,0.0
2017-04-21,0.000999666777740791,WMB,0.0
2017-04-21,-0.02431986809563061,CMI,0.0
2017-04-21,-0.002972651605231909,PFE,0.0
2017-04-21,-0.000730193501277823,TGT,0.0
2017-04-21,-0.012514220705347046,MA,0.0
2017-04-21,-0.005554242495863847,CHTR,0.0
2017-04-21,-0.009683426443202905,HSY,0.0
2017-04-21,-0.009882808587359349,AMZN,0.0
2017-04-21,-0.011395289946821872,NTAP,0.0
2017-04-21,-0.01689359556227942,DOV,0.0
2017-04-21,-0.006343906510851462,KR,0.0
2017-04-21,0.013315380011968891,CBS,0.0
2017-04-21,-0.016189536031589343,XYL,0.0
2017-04-21,0.017482517482517567,VTR,1.0
2017-04-21,-0.0036352800953515212,ANTM,0.0
2017-04-21,-0.007679648930334487,V,1.0
2017-04-21,-0.009915149203927984,CVX,0.0
2017-04-21,-0.02639949109414768,CAT,0.0
2017-04-21,-0.018189007512850963,FLR,1.0
2017-04-21,-0.004535147392290195,CRM,0.0
2017-04-24,0.0019055684946008109,JWN,0.0
2017-04-24,-0.05565074871489235,MCD,0.0
2017-04-24,-0.00689081620529878,CRM,0.0
2017-04-24,-0.007152745731425822,TRIP,0.0
2017-04-24,-0.006876886950687751,CCL,0.0
2017-04-24,-0.007964407338240078,BA,0.0
2017-04-24,-0.011322893363161923,PRGO,0.0
2017-04-24,0.005060728744939342,SPLS,0.0
2017-04-24,-0.002830702231899893,V,1.0
2017-04-24,0.00245459008345604,SBUX,0.0
2017-04-24,-0.011700833099316672,ALB,0.0
2017-04-24,0.0028991971454059447,ORCL,0.0
2017-04-24,-0.0007736345350458204,VTR,0.0
2017-04-24,-0.0005927682276228814,PFE,0.0
2017-04-24,-0.006728181468665788,MET,1.0
2017-04-24,-0.005036514731805483,PGR,0.0
2017-04-24,-0.0017236426314276114,EFX,1.0
2017-04-24,-0.0058372856621670965,TGT,0.0
2017-04-24,-0.0017256255392579442,AES,0.0
2017-04-24,-0.0003845414343395647,RTN,1.0
2017-04-24,-0.006870229007633667,COH,0.0
2017-04-24,-0.018860510805501,CTL,1.0
2017-04-24,-0.0007588692847656829,COL,1.0
2017-04-24,0.003419081732334758,FE,0.0
2017-04-24,0.0020540910647037845,SNA,1.0
2017-04-24,0.007438894792773524,VZ,0.0
2017-04-24,-0.011844660194174746,FLR,1.0
2017-04-24,-0.016157989228007083,CSX,0.0
2017-04-24,-0.008015859334597544,MON,0.0
2017-04-24,-0.00023142791020601094,AMZN,0.0
2017-04-24,-0.009040984214036877,CLX,1.0
2017-04-24,-0.009222759390107915,SYK,0.0
2017-04-24,-0.0019169329073481641,TXT,0.0
2017-04-24,-0.003083247687564229,M,1.0
2017-04-24,-0.01698043558508678,MOS,0.0
2017-04-24,-0.003058623619371278,MCO,1.0
2017-04-24,0.0003688675765399488,HSY,1.0
2017-04-24,-0.006220452848967406,TRV,0.0
2017-04-24,-0.005185480654168337,TEL,0.0
2017-04-24,-0.035983981693363795,WHR,0.0
2017-04-24,0.009915014164305864,XRX,0.0
2017-04-24,0.014381618105059309,AZO,0.0
2017-04-24,-0.0337164750957854,ARNC,0.0
2017-04-24,0.0010915947206509818,COO,0.0
2017-04-24,0.00467128027681654,DISCK,0.0
2017-04-24,0.0044940079893474715,O,0.0
2017-04-24,-0.027018012008005292,WMB,1.0
2017-04-24,-0.0038029386343992892,MA,0.0
2017-04-24,-0.0057754010695187825,HAL,0.0
2017-04-24,-0.023712948517940882,EBAY,0.0
2017-04-24,-0.01262825572217848,CMCSA,0.0
2017-04-24,-0.0032653061224489103,INTC,0.0
2017-04-24,-0.0005007511266901134,NTAP,1.0
2017-04-24,-0.02345466421233904,ANTM,1.0
2017-04-24,-0.005192107995846314,YHOO,0.0
2017-04-24,-0.012163591491362046,CHTR,1.0
2017-04-24,-0.024537037037036927,MAT,0.0
2017-04-24,0.008446566287183295,MCK,0.0
2017-04-24,-0.006974981046247062,CBS,1.0
2017-04-24,0.009953550099535524,KR,1.0
2017-04-24,-0.0009372071227741688,HCP,1.0
2017-04-24,-0.006525285481239831,JCI,0.0
2017-04-24,0.0012782694198624352,HAS,0.0
2017-04-24,-0.006265664160401043,AAPL,0.0
2017-04-24,-0.007562608480039665,DOV,1.0
2017-04-24,-0.007552157084867337,CVX,0.0
2017-04-24,-0.010710035700118971,SHW,1.0
2017-04-24,-0.00701175500103121,FB,1.0
2017-04-24,-0.01931589537223337,CMI,0.0
2017-04-24,0.00036055525509277127,NKE,0.0
2017-04-24,-0.006979695431472045,NAVI,0.0
2017-04-24,0.0056341899134258145,K,0.0
2017-04-24,-0.01955464071856291,HUM,1.0
2017-04-24,-0.009041007426541852,SYMC,1.0
2017-04-24,0.003927911275415936,KO,0.0
2017-04-24,-0.0109714285714285,PDCO,0.0
2017-04-24,-0.007822518594511406,CI,0.0
2017-04-24,-0.0019968937208785517,ADSK,0.0
2017-04-24,-0.011057536278918777,GOOG,1.0
2017-04-24,-0.0020309870597109863,COST,0.0
2017-04-24,-0.004633681717551386,MMM,0.0
2017-04-24,-0.0035978034463169423,QCOM,1.0
2017-04-24,0.0004225352112676217,UAL,0.0
2017-04-24,0.0,SO,0.0
2017-04-24,-0.05791559479941586,NFLX,0.0
2017-04-24,-0.07860758186137795,CAT,0.0
2017-04-24,-0.010216426939104788,BLL,0.0
2017-04-24,-0.002151859821703052,CA,0.0
2017-04-24,-0.005775211017325642,MSFT,0.0
2017-04-24,-0.0039473684210525935,PPL,0.0
2017-04-24,0.008058423570888951,KSS,0.0
2017-04-24,-0.03157894736842108,FTR,0.0
2017-04-24,-0.0037756202804746647,HPQ,1.0
2017-04-24,-0.00993901061667038,PYPL,1.0
2017-04-24,-0.015625000000000045,HOG,0.0
2017-04-24,-0.0006595218466611566,XLNX,1.0
2017-04-25,0.0,SPLS,0.0
2017-04-25,0.006151930261519221,AAPL,0.0
2017-04-25,-0.015233949945592969,TGT,1.0
2017-04-25,0.009165552797403036,MET,0.0
2017-04-25,-0.07684502987795154,PRGO,1.0
2017-04-25,-0.01188811188811188,HOG,1.0
2017-04-25,-0.010011641443538992,VIAB,0.0
2017-04-25,0.0015905331467107773,CI,1.0
2017-04-25,-0.0023628442737945302,EXPE,1.0
2017-04-25,-0.002612481857764811,CHTR,0.0
2017-04-25,0.002932551319648079,AFL,0.0
2017-04-25,-0.00025830893748924694,MA,0.0
2017-04-25,0.0035892323030907217,SO,0.0
2017-04-25,0.00044732721986139853,ORCL,0.0
2017-04-25,0.012023217247097907,K,1.0
2017-04-25,0.0067099082979200225,PYPL,0.0
2017-04-25,-0.0017539463793535526,PGR,1.0
2017-04-25,-0.0030674846625767306,CA,0.0
2017-04-25,-0.00368486992409168,SYK,0.0
2017-04-25,0.008302583025830309,HSY,1.0
2017-04-25,-0.01388888888888904,TEL,0.0
2017-04-25,-0.005122950819672082,M,1.0
2017-04-25,0.005504587155963326,PPL,1.0
2017-04-25,0.013078338590956948,NFLX,0.0
2017-04-25,-0.022254127781765973,WHR,1.0
2017-04-25,0.006069160197600461,MCD,0.0
2017-04-25,-0.0010746910263299072,HPQ,0.0
2017-04-25,0.0009964570416296414,ADSK,0.0
2017-04-25,-0.008662335498917142,CCL,0.0
2017-04-25,-0.009842519685039392,SBUX,0.0
2017-04-25,-0.003015541637671133,KO,0.0
2017-04-25,-0.007629629629629637,MCK,1.0
2017-04-25,-0.0013456686291000554,CERN,0.0
2017-04-25,-0.00026613439787087184,BLL,0.0
2017-04-25,0.027460530735639872,INTU,0.0
2017-04-25,0.0034123222748815114,COL,0.0
2017-04-25,-0.023859161454713947,COST,1.0
2017-04-25,-0.00584448585465016,MCO,0.0
2017-04-25,0.0017956391620351255,MON,0.0
2017-04-25,0.00522993688007225,NKE,0.0
2017-04-25,0.013781223083548677,AES,0.0
2017-04-25,0.006090133982947678,CVX,0.0
2017-04-25,0.005218076203603298,HAS,0.0
2017-04-25,-0.0006702412868632566,KR,1.0
2017-04-25,0.0031484095103681067,V,1.0
2017-04-25,-0.03869807379902522,ANTM,0.0
2017-04-25,-0.002035529237601766,ALB,1.0
2017-04-25,-0.0016273393002441624,INTC,0.0
2017-04-25,0.004718693284936443,MOS,1.0
2017-04-25,-0.006095702529716421,EBAY,0.0
2017-04-25,0.010031767262999522,O,0.0
2017-04-25,0.005253379460567578,RTN,0.0
2017-04-25,-0.006469670551527928,HUM,0.0
2017-04-25,0.0,SYMC,0.0
2017-04-25,0.0005464480874315422,AMGN,0.0
2017-04-25,0.005305420131918415,EFX,1.0
2017-04-25,-0.0007547169811320594,QCOM,0.0
2017-04-25,-0.007913181098801752,PDCO,0.0
2017-04-25,0.0009056877188745664,SHW,1.0
2017-04-25,0.0066063977746869855,COO,0.0
2017-04-25,0.003199212501537971,DOV,1.0
2017-04-25,-0.013620525815647756,TDC,1.0
2017-04-25,0.0037907505686125493,COH,0.0
2017-04-25,-0.03211009174311926,FCX,0.0
2017-04-25,-0.00183997708292012,AMZN,0.0
2017-04-25,0.003241491085899527,JCI,1.0
2017-04-25,0.000666222518321096,MMM,0.0
2017-04-25,0.0007749627421759081,GOOG,0.0
2017-04-25,-0.004297390669325702,AZO,0.0
2017-04-25,-0.01413276231263376,VZ,1.0
2017-04-25,-0.011748757342973409,MAT,0.0
2017-04-25,-0.0011955465889561126,AET,0.0
2017-04-25,-0.003300330033003365,KSS,0.0
2017-04-25,0.016640072942785432,AN,0.0
2017-04-25,-0.007794232268121515,CMCSA,0.0
2017-04-25,-0.008400378608613441,LOW,0.0
2017-04-25,-0.002359882005899739,CRM,0.0
2017-04-25,-0.011455239711497648,JWN,0.0
2017-04-25,-0.0017517195187923616,BLK,1.0
2017-04-25,-0.0008691117677732862,DISCK,0.0
2017-04-25,-0.0075289865984038565,CBS,0.0
2017-04-25,-0.01947308132875147,TRIP,0.0
2017-04-25,-0.002665876777251286,PFE,0.0
2017-04-25,-0.005072565872904036,UAL,0.0
2017-04-25,-0.005687438180019881,TRV,0.0
2017-04-25,0.009808729769494758,BA,0.0
2017-04-25,0.01894896727797824,CLX,0.0
2017-04-25,-0.002298410266232473,CAT,1.0
2017-04-25,0.001325088339222665,MSFT,0.0
2017-04-25,0.006756756756756647,XYL,1.0
2017-04-25,0.0008726003490402759,RIG,0.0
2017-04-25,0.010358688930117526,VTR,1.0
2017-04-25,0.00032478077297817506,WMB,0.0
2017-04-25,0.02670097198399094,SNA,0.0
2017-04-25,0.002944640753828005,CSX,0.0
2017-04-25,-0.019273535952557437,ARNC,1.0
2017-04-25,0.0028925619834710863,YHOO,0.0
2017-04-25,-0.0157367668097281,XRX,0.0
2017-04-25,0.002313922097955986,CTL,0.0
2017-04-25,-0.00047784831729123615,FB,1.0
2017-04-25,0.001826939046669979,C,0.0
2017-04-25,-0.0005921831819976537,CMI,1.0
2017-04-26,-0.029000931222562094,BLL,0.0
2017-04-26,-0.007514761137949574,HPQ,0.0
2017-04-26,0.005319148936170305,KO,0.0
2017-04-26,-0.003676470588235165,COST,0.0
2017-04-26,-0.0012294074256207807,TRV,1.0
2017-04-26,0.004535412605588093,SBUX,0.0
2017-04-26,-0.00710156895127993,CCL,0.0
2017-04-26,-0.0017184814872676054,VTR,1.0
2017-04-26,-0.0036900369003690188,PPL,1.0
2017-04-26,-0.002816901408450769,XRX,1.0
2017-04-26,-0.003997407087294777,WHR,0.0
2017-04-26,-0.00046931831514715515,LOW,0.0
2017-04-26,-0.0030127669729150303,GOOG,1.0
2017-04-26,-0.01937803822334704,NFLX,0.0
2017-04-26,0.008832188420019564,UAL,0.0
2017-04-26,-0.004433115371827457,ADSK,0.0
2017-04-26,-0.008903074080295668,CERN,0.0
2017-04-26,-0.08479405923495374,INTU,0.0
2017-04-26,-0.005692307692307762,MMM,0.0
2017-04-26,-0.003364737550471032,PDCO,1.0
2017-04-26,0.00310015500775041,COO,0.0
2017-04-26,-0.02062387213199289,CMCSA,0.0
2017-04-26,0.0031000683838614397,HUM,1.0
2017-04-26,-0.007360000000000012,SYMC,0.0
2017-04-26,-0.0009690165317560933,AAPL,0.0
2017-04-26,-0.0033149171270717395,EXPE,1.0
2017-04-26,0.006641678174524829,CMI,1.0
2017-04-26,0.0009746588693957484,WMB,0.0
2017-04-26,-0.008005509167599144,MA,1.0
2017-04-26,-0.009843659525188286,CHTR,0.0
2017-04-26,-0.0077783842794758905,FB,1.0
2017-04-26,-0.002072109407376739,YHOO,0.0
2017-04-26,-0.002001200720432288,SO,0.0
2017-04-26,0.018918402446015573,CAT,1.0
2017-04-26,-0.006486805248415122,MSFT,0.0
2017-04-26,0.0045880328809023065,CI,1.0
2017-04-26,0.006088414365128365,PEP,0.0
2017-04-26,-0.0045871559633027074,CA,0.0
2017-04-26,-0.002591568762957819,HOG,0.0
2017-04-26,-0.06169781580725067,PYPL,0.0
2017-04-26,0.02017654476670872,NAVI,0.0
2017-04-26,-0.005620014503263276,NKE,0.0
2017-04-26,0.020673635307781664,JCI,0.0
2017-04-26,0.011595417714445352,CMA,1.0
2017-04-26,-0.0015146925174190932,EBAY,0.0
2017-04-26,0.002778742618964859,DISCK,0.0
2017-04-26,0.0045508722505147,ILMN,1.0
2017-04-26,-0.004053369363283263,O,0.0
2017-04-26,-0.013539128080151638,INTC,1.0
2017-04-26,-0.00830994441692802,BA,0.0
2017-04-26,0.005146476642913797,HAS,0.0
2017-04-26,-0.008039303260384087,MAT,0.0
2017-04-26,-0.003280343174362741,NTAP,0.0
2017-04-26,-0.00103071531642969,AIZ,0.0
2017-04-26,-0.009711989283322144,KR,0.0
2017-04-26,0.004077528905769926,ANTM,0.0
2017-04-26,0.008518905993124992,CBS,0.0
2017-04-26,0.016911492408344702,DOV,0.0
2017-04-26,0.00575037707390648,CVX,0.0
2017-04-26,0.0008435767654857482,DHR,0.0
2017-04-26,-0.000213007668276066,MCD,0.0
2017-04-26,0.001613646841862616,VIAB,1.0
2017-04-26,-0.013483146067415762,TRIP,0.0
2017-04-26,0.001116279069767484,HSY,0.0
2017-04-26,0.0014846235418875988,TXT,1.0
2017-04-26,-0.004817883985353632,MET,0.0
2017-04-26,0.013973799126637569,AES,0.0
2017-04-26,0.01837970304166074,EFX,0.0
2017-04-26,0.006277344493056843,COL,0.0
2017-04-26,-0.003205128205128237,QCOM,0.0
2017-04-26,0.014569256756756709,VZ,0.0
2017-04-26,-0.0057263157894737425,MCO,0.0
2017-04-26,0.0,FLR,0.0
2017-04-26,0.002395992158571105,V,0.0
2017-04-26,-0.006375990210600764,RTN,0.0
2017-04-26,-0.013003355704697931,JWN,0.0
2017-04-26,-0.010147133434804629,COH,1.0
2017-04-26,0.0060210000734267815,SYK,0.0
2017-04-26,-0.0030015007503753017,PGR,0.0
2017-04-26,0.0,SPLS,0.0
2017-04-26,-0.0010940919037198244,MOS,0.0
2017-04-26,-0.004731658394836256,BLK,0.0
2017-04-26,-0.00905690096475686,CSX,1.0
2017-04-26,0.0,FE,0.0
2017-04-26,-0.010414719176500376,AMZN,0.0
2017-04-26,-0.0017901096442158294,ORCL,0.0
2017-04-26,0.002055850608189095,MON,0.0
2017-04-26,-0.001964987495534236,TGT,0.0
2017-04-26,-0.002718314644920212,M,0.0
2017-04-26,0.010919749711439242,AMGN,1.0
2017-04-26,-0.004435746901500185,TEL,0.0
2017-04-26,-0.013557929334429049,PRGO,0.0
2017-04-26,0.003092385001932812,CTL,0.0
2017-04-27,0.005858028945554726,GLW,0.0
2017-04-27,-0.007387161113983895,SYK,0.0
2017-04-27,0.018502943650126183,O,0.0
2017-04-27,0.0041484716157204745,V,0.0
2017-04-27,0.000973642116976051,AAPL,0.0
2017-04-27,0.02542668059909441,DISCK,0.0
2017-04-27,-0.004243913334822375,ORCL,0.0
2017-04-27,0.0031017369727046854,YHOO,0.0
2017-04-27,-0.010284331518451187,EBAY,0.0
2017-04-27,0.009542943244600768,DOV,0.0
2017-04-27,0.0006211180124222367,JWN,0.0
2017-04-27,-0.004815167778502322,COO,0.0
2017-04-27,-0.004447268106734453,SYMC,1.0
2017-04-27,0.00108166576527857,NKE,0.0
2017-04-27,0.002652203713085158,SHW,0.0
2017-04-27,0.006461561054409247,EFX,0.0
2017-04-27,0.009476309226932732,PGR,0.0
2017-04-27,-0.0026638252530634373,HPQ,0.0
2017-04-27,0.0007067137809186878,CMA,1.0
2017-04-27,-0.0031450203843915,CRM,0.0
2017-04-27,0.006660973526900095,MA,0.0
2017-04-27,0.0042788375824568,TGT,0.0
2017-04-27,-0.007636431365244994,HSY,0.0
2017-04-27,0.018208516886930908,EXPE,1.0
2017-04-27,-0.0033162496231534345,CBS,0.0
2017-04-27,0.0007943863365550412,CMI,0.0
2017-04-27,0.01658374792703151,KR,1.0
2017-04-27,-0.0009442060085836859,MON,0.0
2017-04-27,0.0022994952327539263,ANTM,0.0
2017-04-27,-0.0067808785754713075,AMZN,0.0
2017-04-27,0.0019676101104888068,ABBV,0.0
2017-04-27,0.006202924235711146,MAT,1.0
2017-04-27,-0.01166208400493035,CVX,1.0
2017-04-27,-0.0003944773175543624,COST,0.0
2017-04-27,0.014027059291683214,HAS,0.0
2017-04-27,0.010521788990825731,CHTR,0.0
2017-04-27,0.034731498797755736,INTC,0.0
2017-04-27,-0.0017714791851196946,AES,0.0
2017-04-27,0.01399430740037942,JCI,0.0
2017-04-27,0.001330376940133088,TRIP,0.0
2017-04-27,0.003984698756773988,PX,1.0
2017-04-27,0.00997726698661286,CMCSA,0.0
2017-04-27,0.016380930014091074,SNA,1.0
2017-04-27,0.0039024390243902773,WMB,0.0
2017-04-27,-0.0006453174155037372,CELG,0.0
2017-04-27,-0.012089077412513263,PYPL,0.0
2017-04-27,0.008416686996828467,ALL,0.0
2017-04-27,-0.012955067235159172,CCL,0.0
2017-04-27,0.007999999999999934,CSX,0.0
2017-04-27,0.003343150521372297,INTU,0.0
2017-04-27,0.01975822769937728,SBUX,0.0
2017-04-27,0.005365526492286942,PDCO,1.0
2017-04-27,0.004090377873003522,CAT,0.0
2017-04-27,-0.0608683779355544,REGN,1.0
2017-04-27,-0.017264725795531562,FB,1.0
2017-04-27,-0.0032550569634968744,KO,0.0
2017-04-27,0.009827177228058377,M,0.0
2017-04-27,0.003732771822358351,COL,0.0
2017-04-27,0.009294147199196296,MCO,1.0
2017-04-27,-0.07800532800532804,CERN,0.0
2017-04-27,0.006930693069307059,UAL,1.0
2017-04-27,-0.009831460674157343,XRX,0.0
2017-04-27,0.019003931847968492,FE,0.0
2017-04-27,0.012475566287225407,LLL,1.0
2017-04-27,0.004652966265994473,CTL,0.0
2017-04-27,0.005946994182288221,BLL,1.0
2017-04-27,0.0017155333749220125,VTR,0.0
2017-04-27,0.0063291139240506,MET,1.0
2017-04-27,-0.009960533734260498,QCOM,0.0
2017-04-27,0.0006088280060883753,CA,0.0
2017-04-27,0.006178969436169065,ADSK,0.0
2017-04-27,-0.0027830672330452287,MSFT,1.0
2017-04-27,-0.004935705935835949,TEL,1.0
2017-04-27,0.000968470892069336,WHR,0.0
2017-04-27,0.017317016855229742,VIAB,0.0
2017-04-27,0.018943533697632044,MOS,1.0
2017-04-27,-0.0007878151260504501,PPL,1.0
2017-04-27,-0.008787250300185644,BA,0.0
2017-04-27,-0.0005636978579482278,K,1.0
2017-04-27,0.004092992796332679,TRV,1.0
2017-04-27,0.0014277701290092352,MMM,0.0
2017-04-27,0.004573707048199842,LOW,1.0
2017-04-27,0.006103763987792522,SPLS,1.0
2017-04-27,0.0066728189110527285,MCD,0.0
2017-04-27,0.02131394182547646,KSS,1.0
2017-04-27,-0.005681818181818186,PEP,1.0
2017-04-27,0.0053924505692031785,SO,0.0
2017-04-27,0.00574862816827818,NFLX,0.0
2017-04-27,-0.03627108950529029,GOOG,1.0
2017-04-27,0.00671956994752325,RTN,1.0
2017-04-27,-0.003117082533589209,AMGN,0.0
2017-04-27,0.01079859367152184,COH,0.0
2017-04-27,0.02102360847837324,HOG,0.0
2017-04-27,0.016284551103492716,VZ,0.0
2017-04-27,0.010481003181733152,SYY,1.0
2017-04-28,0.007393064601302618,HOG,0.0
2017-04-28,0.0009137983551629953,CA,1.0
2017-04-28,-0.00575101488497976,C,0.0
2017-04-28,-0.0009398496240601305,VIAB,1.0
2017-04-28,-0.02053602506091186,AAPL,0.0
2017-04-28,-0.003088206909862895,MET,0.0
2017-04-28,0.000238763206589817,SNA,0.0
2017-04-28,-0.0020017793594305226,ORCL,0.0
2017-04-28,0.0029271862422245998,ARNC,0.0
2017-04-28,0.003772003352891863,PYPL,0.0
2017-04-28,-0.008297033810412748,YHOO,0.0
2017-04-28,0.012282497441146288,SPLS,0.0
2017-04-28,-0.0012588116817725142,PGR,1.0
2017-04-28,0.002605135839225913,QCOM,0.0
2017-04-28,0.004216867469879392,SO,0.0
2017-04-28,-0.021537541130720875,EXPE,0.0
2017-04-28,0.011971830985915413,K,0.0
2017-04-28,0.002542538627029191,CAT,0.0
2017-04-28,-0.0004298486932600703,MA,0.0
2017-04-28,-0.013876716330704105,MSFT,0.0
2017-04-28,-0.005550114267058495,WMB,0.0
2017-04-28,-0.007354351857773266,CI,0.0
2017-04-28,-0.0025838081356831513,CMI,0.0
2017-04-28,-0.01581277672359255,SYMC,0.0
2017-04-28,0.002868484339234518,CHTR,1.0
2017-04-28,0.008659687217267696,TEL,0.0
2017-04-28,-0.025340814495291776,AMZN,0.0
2017-04-28,-0.014708818635607374,FB,1.0
2017-04-28,0.026133743274404386,KSS,0.0
2017-04-28,0.0022279985146676094,MOS,0.0
2017-04-28,0.003411178168459789,PPL,0.0
2017-04-28,-0.0012386902197328187,WHR,1.0
2017-04-28,0.0072804587333290096,RTN,0.0
2017-04-28,-0.007296127864364887,GOOG,0.0
2017-04-28,0.004082481732844458,BLK,0.0
2017-04-28,0.005208599295307206,MMM,1.0
2017-04-28,-0.002475840587812493,INTU,0.0
2017-04-28,0.007109232395042839,COL,0.0
2017-04-28,-0.021205728877539808,ADSK,0.0
2017-04-28,0.0017981568891887031,PDCO,0.0
2017-04-28,0.0006534524068829019,VZ,0.0
2017-04-28,-0.0013016125533300085,MCK,1.0
2017-04-28,-0.0016222479721900414,KO,0.0
2017-04-28,0.003549695740365006,MCO,0.0
2017-04-28,-0.0003901677721420359,BLL,1.0
2017-04-28,-0.0008545791197835389,UAL,0.0
2017-04-28,0.012320328542094435,M,0.0
2017-04-28,-0.012627489072365128,CCL,1.0
2017-04-28,-0.007954282183952437,CERN,0.0
2017-04-28,0.0006249023590065028,VTR,0.0
2017-04-28,0.0039454216669405715,TRV,0.0
2017-04-28,-0.0018311969369069325,SBUX,0.0
2017-04-28,0.011297234125438359,CTL,0.0
2017-04-28,0.013201320132013342,BA,0.0
2017-04-28,0.0014959982048020693,CLX,0.0
2017-04-28,0.006570028157263485,TAP,0.0
2017-04-28,0.031301482701812204,VFC,1.0
2017-04-28,-0.0019152771518702308,COST,1.0
2017-04-28,0.016501650165016462,COH,1.0
2017-04-28,0.0014324082363473285,TGT,0.0
2017-04-28,0.007579859231185609,NKE,0.0
2017-04-28,0.003329633740288551,HAS,0.0
2017-04-28,0.0014433485686793908,JCI,0.0
2017-04-28,-0.008189262966333127,ABBV,1.0
2017-04-28,0.007310215557638248,CVX,0.0
2017-04-28,-0.002229654403567491,MON,0.0
2017-04-28,-0.0013521634615385127,CBS,0.0
2017-04-28,0.004056795131845756,DOV,1.0
2017-04-28,-0.0073641014109843295,ANTM,0.0
2017-04-28,0.02124789207419896,KR,1.0
2017-04-28,0.010628465804066595,HSY,0.0
2017-04-28,0.0,AES,1.0
2017-04-28,0.0017761989342806016,TRIP,0.0
2017-04-28,0.019616584930896182,MAT,1.0
2017-04-28,-0.008718645036804105,MCD,0.0
2017-04-28,-0.004982009410462212,INTC,0.0
2017-04-28,0.008333333333333368,AN,1.0
2017-04-28,-0.00805484147386459,O,0.0
2017-04-28,0.02823445318084343,DISCK,0.0
2017-04-28,-0.0004385003288753152,V,0.0
2017-04-28,0.0026946107784430037,EBAY,0.0
2017-04-28,0.019059457219805297,JWN,0.0
2017-04-28,-0.005844845908607834,HPQ,0.0
2017-04-28,-0.006261825389674814,HUM,0.0
2017-04-28,0.0043997946762484,SYK,0.0
2017-04-28,-0.0035940697848549827,COO,0.0
2017-04-28,0.0001275672917464615,CMCSA,1.0
2017-04-28,-0.02069645203679373,NFLX,0.0
